name,val,units
dV_Cs,9192631770,s
c,299792458,m.s-1
h,6.62607015e-34,J.s
e,1.602176634e-19,C
B_k,1.380649e-23,J.K-1
N_A,6.02214076e23,
